Iteration,Hash Function,Speed (s),Collisions,Per-Image Resistance,Second-per-Image Resistance (s),Entropy,Memory Usage (MiB),Efficiency Score
1,SHA-256,0.0,8502,True,1.6468048095703125,4.8125,0.0,0.00011767215067918756
1,SHA-512,0.0,8502,True,1.620999813079834,5.71875,0.0,0.00011768470062115317
1,SHA-3-256,0.0,8501,True,1.68959379196167,4.9375,0.0,0.00011768773031856459
1,SHA-3-512,0.0,8500,True,1.6776466369628906,5.90625,0.0,0.00011771500461663395
1,MD5,0.0,8503,True,1.6547887325286865,4.0,0.0,0.00011764705882352803
2,SHA-256,0.0,8502,True,1.639908790588379,4.8125,0.0,0.00011767215067918756
2,SHA-512,0.015615463256835938,8503,True,1.6451389789581299,5.71875,0.0,0.0001176706363440831
2,SHA-3-256,0.0,8501,True,1.643601894378662,4.9375,0.0,0.00011768773031856459
2,SHA-3-512,0.015619516372680664,8502,True,1.6380414962768555,5.90625,0.0,0.00011768708116050822
2,MD5,0.0,8501,True,1.5967628955841064,4.0,0.0,0.00011767474699929257
3,SHA-256,0.0,8500,True,1.651195764541626,4.8125,0.0,0.00011769985066831308
3,SHA-512,0.0,8504,True,1.6564548015594482,5.71875,0.0,0.00011765700776168435
3,SHA-3-256,0.0,8503,True,1.6394298076629639,4.9375,0.0,0.00011766003603338465
3,SHA-3-512,0.0,8500,True,1.6292438507080078,5.90625,0.0,0.00011771500461663395
3,MD5,0.0,8502,True,1.705216646194458,4.0,0.0,0.00011766090128250244
4,SHA-256,0.0,8502,True,1.6648082733154297,4.8125,0.0,0.00011767215067918756
4,SHA-512,0.0,8501,True,1.3895337581634521,5.71875,0.0,0.00011769855194000178
4,SHA-3-256,0.0,8502,True,1.608935832977295,4.9375,0.0,0.0001176738815465276
4,SHA-3-512,0.0,8501,True,1.5730345249176025,5.90625,0.0,0.00011770114942528596
4,MD5,0.0,8506,True,1.6474385261535645,4.0,0.0,0.00011760555098200497
5,SHA-256,0.0,8502,True,1.6044485569000244,4.8125,0.0,0.00011767215067918756
5,SHA-512,0.0,8500,True,1.595993995666504,5.71875,0.0,0.00011771240651979453
5,SHA-3-256,0.0,8501,True,1.692124605178833,4.9375,0.0,0.00011768773031856459
5,SHA-3-512,0.00852823257446289,8504,True,1.6577239036560059,5.90625,0.0,0.00011765948535072137
5,MD5,0.0,8501,True,1.648674726486206,4.0,0.0,0.00011767474699929257
6,SHA-256,0.0,8501,True,1.614302158355713,4.8125,0.0,0.00011768599904379987
6,SHA-512,0.0,8502,True,1.6058986186981201,5.71875,0.0,0.00011768470062115317
6,SHA-3-256,0.001119375228881836,8502,True,1.622753620147705,4.9375,0.0,0.00011767386604638146
6,SHA-3-512,0.0,8502,True,1.6121788024902344,5.90625,0.0,0.00011768729749509804
6,MD5,0.0,8503,True,1.610408067703247,4.0,0.0,0.00011764705882352803
7,SHA-256,0.0,8500,True,1.596384048461914,4.8125,0.0,0.00011769985066831308
7,SHA-512,0.0,8504,True,1.593580722808838,5.71875,0.0,0.00011765700776168435
7,SHA-3-256,0.0,8501,True,0.6609265804290771,4.9375,0.0,0.00011768773031856459
7,SHA-3-512,0.0,8502,True,1.9063661098480225,5.90625,0.0,0.00011768729749509804
7,MD5,0.0,8503,True,1.6330289840698242,4.0,0.0,0.00011764705882352803
8,SHA-256,0.0,8502,True,1.5971243381500244,4.8125,0.0,0.00011767215067918756
8,SHA-512,0.01565408706665039,8500,True,1.6210215091705322,5.71875,0.0,0.00011771218961386632
8,SHA-3-256,0.0,8503,True,2.0722815990448,4.9375,0.0,0.00011766003603338465
8,SHA-3-512,0.0,8502,True,1.5639886856079102,5.90625,0.0,0.00011768729749509804
8,MD5,0.0,8500,True,1.6408145427703857,4.0,0.0,0.00011768859597504864
9,SHA-256,0.0,8502,True,1.603515386581421,4.8125,0.0,0.00011767215067918756
9,SHA-512,0.0,8500,True,1.5959746837615967,5.71875,0.0,0.00011771240651979453
9,SHA-3-256,0.0156400203704834,8501,True,1.6664621829986572,4.9375,0.0,0.00011768751369839595
9,SHA-3-512,0.0,8500,True,1.6172540187835693,5.90625,0.0,0.00011771500461663395
9,MD5,0.0,8501,True,1.6119184494018555,4.0,0.0,0.00011767474699929257
10,SHA-256,0.0,8502,True,1.6283576488494873,4.8125,0.0,0.00011767215067918756
10,SHA-512,0.0,8503,True,1.6157591342926025,5.71875,0.0,0.00011767085256209757
10,SHA-3-256,0.0,8501,True,1.6127245426177979,4.9375,0.0,0.00011768773031856459
10,SHA-3-512,0.0,8504,True,1.6106288433074951,5.90625,0.0,0.00011765960341359786
10,MD5,0.0,8502,True,1.6326513290405273,4.0,0.0,0.00011766090128250244
11,SHA-256,0.0,8502,True,1.5959901809692383,4.8125,0.0,0.00011767215067918756
11,SHA-512,0.0,8504,True,1.6585180759429932,5.71875,0.0,0.00011765700776168435
11,SHA-3-256,0.0,8502,True,1.6951103210449219,4.9375,0.0,0.0001176738815465276
11,SHA-3-512,0.0,8503,True,1.610332727432251,5.90625,0.0,0.0001176734488249189
11,MD5,0.0,8501,True,1.6094934940338135,4.0,0.0,0.00011767474699929257
12,SHA-256,0.0,8502,True,1.6300837993621826,4.8125,0.0,0.00011767215067918756
12,SHA-512,0.0,8503,True,1.616182804107666,5.71875,0.0,0.00011767085256209757
12,SHA-3-256,0.0,8500,True,1.6186671257019043,4.9375,0.0,0.00011770158235064635
12,SHA-3-512,0.0,8501,True,1.610950231552124,5.90625,0.0,0.00011770114942528596
12,MD5,0.015612125396728516,8503,True,1.6274197101593018,4.0,0.0,0.00011764684273914434
13,SHA-256,0.0,8502,True,1.6177613735198975,4.8125,0.0,0.00011767215067918756
13,SHA-512,0.0,8500,True,1.647791862487793,5.71875,0.0,0.00011771240651979453
13,SHA-3-256,0.0,8503,True,1.6099574565887451,4.9375,0.0,0.00011766003603338465
13,SHA-3-512,0.0,8503,True,1.6029846668243408,5.90625,0.0,0.0001176734488249189
13,MD5,0.0,8501,True,1.6152124404907227,4.0,0.0,0.00011767474699929257
14,SHA-256,0.0,8502,True,1.644690990447998,4.8125,0.0,0.00011767215067918756
14,SHA-512,0.0,8501,True,1.6048784255981445,5.71875,0.0,0.00011769855194000178
14,SHA-3-256,0.0,8501,True,1.618290662765503,4.9375,0.0,0.00011768773031856459
14,SHA-3-512,0.00801849365234375,8503,True,1.6441307067871094,5.90625,0.0,0.00011767333779261686
14,MD5,0.0,8502,True,1.7715067863464355,4.0,0.0,0.00011766090128250244
15,SHA-256,0.0,8502,True,1.6662437915802002,4.8125,0.0,0.00011767215067918756
15,SHA-512,0.0,8501,True,1.6333701610565186,5.71875,0.0,0.00011769855194000178
15,SHA-3-256,0.0,8501,True,1.7284622192382812,4.9375,0.0,0.00011768773031856459
15,SHA-3-512,0.0,8500,True,1.6101298332214355,5.90625,0.0,0.00011771500461663395
15,MD5,0.0,8500,True,0.6412086486816406,4.0,0.0,0.00011768859597504864
16,SHA-256,0.0,8501,True,1.7637286186218262,4.8125,0.0,0.00011768599904379987
16,SHA-512,0.0002510547637939453,8501,True,1.6382031440734863,5.71875,0.0,0.00011769854846215301
16,SHA-3-256,0.0,8501,True,1.6272015571594238,4.9375,0.0,0.00011768773031856459
16,SHA-3-512,0.0,8501,True,1.616044282913208,5.90625,0.0,0.00011770114942528596
16,MD5,0.0,8503,True,1.6752469539642334,4.0,0.0,0.00011764705882352803
17,SHA-256,0.0,8502,True,1.576859712600708,4.8125,0.0,0.00011767215067918756
17,SHA-512,0.0,8501,True,1.6011443138122559,5.71875,0.0,0.00011769855194000178
17,SHA-3-256,0.0,8503,True,1.6343538761138916,4.9375,0.0,0.00011766003603338465
17,SHA-3-512,0.0,8501,True,1.4935333728790283,5.90625,0.0,0.00011770114942528596
17,MD5,0.0,8502,True,1.6132502555847168,4.0,0.0,0.00011766090128250244
18,SHA-256,0.0,8502,True,1.6250414848327637,4.8125,0.0,0.00011767215067918756
18,SHA-512,0.0,8503,True,1.6117615699768066,5.71875,0.0,0.00011767085256209757
18,SHA-3-256,0.0,8500,True,1.6008577346801758,4.9375,0.0,0.00011770158235064635
18,SHA-3-512,0.0,8501,True,1.5506644248962402,5.90625,0.0,0.00011770114942528596
18,MD5,0.0,8503,True,1.5834100246429443,4.0,0.0,0.00011764705882352803
19,SHA-256,0.0004937648773193359,8501,True,1.6810534000396729,4.8125,0.0,0.0001176859922051595
19,SHA-512,0.0,8502,True,1.6101369857788086,5.71875,0.0,0.00011768470062115317
19,SHA-3-256,0.0,8503,True,1.63796067237854,4.9375,0.0,0.00011766003603338465
19,SHA-3-512,0.0,8500,True,1.6109905242919922,5.90625,0.0,0.00011771500461663395
19,MD5,0.0,8503,True,1.1213464736938477,4.0,0.0,0.00011764705882352803
20,SHA-256,0.0,8502,True,1.5323235988616943,4.8125,0.0,0.00011767215067918756
20,SHA-512,0.0,8501,True,1.626584768295288,5.71875,0.0,0.00011769855194000178
20,SHA-3-256,0.0,8504,True,1.5740430355072021,4.9375,0.0,0.00011764619377798554
20,SHA-3-512,0.015630483627319336,8500,True,1.6534500122070312,5.90625,0.0,0.00011771478802819819
20,MD5,0.0,8504,True,1.5694570541381836,4.0,0.0,0.00011763321962121965
21,SHA-256,0.0,8503,True,1.6009182929992676,4.8125,0.0,0.00011765830557332548
21,SHA-512,0.0006501674652099609,8501,True,1.6194002628326416,5.71875,0.0,0.00011769854293326564
21,SHA-3-256,0.0,8500,True,1.6368768215179443,4.9375,0.0,0.00011770158235064635
21,SHA-3-512,0.0,8502,True,1.7568492889404297,5.90625,0.0,0.00011768729749509804
21,MD5,0.0,8503,True,1.6091690063476562,4.0,0.0,0.00011764705882352803
22,SHA-256,0.0,8502,True,1.58962082862854,4.8125,0.0,0.00011767215067918756
22,SHA-512,0.0,8503,True,1.5919482707977295,5.71875,0.0,0.00011767085256209757
22,SHA-3-256,0.0,8502,True,1.6544432640075684,4.9375,0.0,0.0001176738815465276
22,SHA-3-512,0.0,8501,True,1.6036691665649414,5.90625,0.0,0.00011770114942528596
22,MD5,0.0,8501,True,1.5328419208526611,4.0,0.0,0.00011767474699929257
23,SHA-256,0.0,8503,True,1.6256763935089111,4.8125,0.0,0.00011765830557332548
23,SHA-512,0.008000373840332031,8502,True,1.6090514659881592,5.71875,0.0,0.00011768458981856985
23,SHA-3-256,0.0,8501,True,1.6687021255493164,4.9375,0.0,0.00011768773031856459
23,SHA-3-512,0.0,8501,True,1.5110857486724854,5.90625,0.0,0.00011770114942528596
23,MD5,0.0,8500,True,1.5981950759887695,4.0,0.0,0.00011768859597504864
24,SHA-256,0.0,8501,True,1.587364673614502,4.8125,0.0,0.00011768599904379987
24,SHA-512,0.0,8502,True,1.5887417793273926,5.71875,0.0,0.00011768470062115317
24,SHA-3-256,0.0,8501,True,1.6488313674926758,4.9375,0.0,0.00011768773031856459
24,SHA-3-512,0.0,8501,True,1.6101245880126953,5.90625,0.0,0.00011770114942528596
24,MD5,0.005714893341064453,8502,True,1.6017193794250488,4.0,0.0,0.00011766082216507109
25,SHA-256,0.0,8502,True,1.6261942386627197,4.8125,0.0,0.00011767215067918756
25,SHA-512,0.0,8501,True,2.010453462600708,5.71875,0.0,0.00011769855194000178
25,SHA-3-256,0.0,8503,True,1.58984375,4.9375,0.0,0.00011766003603338465
25,SHA-3-512,0.0,8504,True,1.5850377082824707,5.90625,0.0,0.00011765960341359786
25,MD5,0.0,8501,True,1.5513317584991455,4.0,0.0,0.00011767474699929257
26,SHA-256,0.0,8500,True,1.606980800628662,4.8125,0.0,0.00011769985066831308
26,SHA-512,0.0,8502,True,1.637080430984497,5.71875,0.0,0.00011768470062115317
26,SHA-3-256,0.0,8503,True,1.5666162967681885,4.9375,0.0,0.00011766003603338465
26,SHA-3-512,0.0,8500,True,1.616685390472412,5.90625,0.0,0.00011771500461663395
26,MD5,0.0,8504,True,1.6268093585968018,4.0,0.0,0.00011763321962121965
27,SHA-256,0.0,8501,True,1.6288015842437744,4.8125,0.0,0.00011768599904379987
27,SHA-512,0.0,8500,True,1.6256117820739746,5.71875,0.0,0.00011771240651979453
27,SHA-3-256,0.0,8505,True,1.6234550476074219,4.9375,0.0,0.00011763235477918063
27,SHA-3-512,0.0,8502,True,1.624828815460205,5.90625,0.0,0.00011768729749509804
27,MD5,0.0,8502,True,1.5935840606689453,4.0,0.0,0.00011766090128250244
28,SHA-256,0.0,8504,True,1.5520727634429932,4.8125,0.0,0.0001176444637250635
28,SHA-512,0.0,8501,True,1.6179254055023193,5.71875,0.0,0.00011769855194000178
28,SHA-3-256,0.0,8501,True,1.624821424484253,4.9375,0.0,0.00011768773031856459
28,SHA-3-512,0.0,8500,True,1.5935983657836914,5.90625,0.0,0.00011771500461663395
28,MD5,0.0,8500,True,1.6092197895050049,4.0,0.0,0.00011768859597504864
29,SHA-256,0.0,8500,True,0.8999283313751221,4.8125,0.0,0.00011769985066831308
29,SHA-512,0.0,8500,True,0.7419106960296631,5.71875,0.0,0.00011771240651979453
29,SHA-3-256,0.0,8503,True,0.7042953968048096,4.9375,0.0,0.00011766003603338465
29,SHA-3-512,0.0,8501,True,0.7030503749847412,5.90625,0.0,0.00011770114942528596
29,MD5,0.0,8502,True,0.7187409400939941,4.0,0.0,0.00011766090128250244
30,SHA-256,0.0,8502,True,0.7348031997680664,4.8125,0.0,0.00011767215067918756
30,SHA-512,0.0,8501,True,0.6741187572479248,5.71875,0.0,0.00011769855194000178
30,SHA-3-256,0.0,8502,True,0.671804666519165,4.9375,0.0,0.0001176738815465276
30,SHA-3-512,0.0,8502,True,0.681311845779419,5.90625,0.0,0.00011768729749509804
30,MD5,0.0,8500,True,0.6758115291595459,4.0,0.0,0.00011768859597504864
31,SHA-256,0.0,8503,True,0.6839272975921631,4.8125,0.0,0.00011765830557332548
31,SHA-512,0.0,8504,True,0.6784782409667969,5.71875,0.0,0.00011765700776168435
31,SHA-3-256,0.0,8501,True,0.7139451503753662,4.9375,0.0,0.00011768773031856459
31,SHA-3-512,0.0,8501,True,0.7031500339508057,5.90625,0.0,0.00011770114942528596
31,MD5,0.0,8504,True,0.7353379726409912,4.0,0.0,0.00011763321962121965
32,SHA-256,0.0,8502,True,0.6874158382415771,4.8125,0.0,0.00011767215067918756
32,SHA-512,0.0,8501,True,0.6718060970306396,5.71875,0.0,0.00011769855194000178
32,SHA-3-256,0.0,8502,True,0.6731202602386475,4.9375,0.0,0.0001176738815465276
32,SHA-3-512,0.0,8503,True,0.6885643005371094,5.90625,0.0,0.0001176734488249189
32,MD5,0.0,8502,True,0.6873612403869629,4.0,0.0,0.00011766090128250244
33,SHA-256,0.0,8501,True,0.6896529197692871,4.8125,0.0,0.00011768599904379987
33,SHA-512,0.0,8502,True,0.6872899532318115,5.71875,0.0,0.00011768470062115317
33,SHA-3-256,0.0,8502,True,0.6874866485595703,4.9375,0.0,0.0001176738815465276
33,SHA-3-512,0.0,8504,True,0.6783370971679688,5.90625,0.0,0.00011765960341359786
33,MD5,0.0,8504,True,0.7285265922546387,4.0,0.0,0.00011763321962121965
34,SHA-256,0.0,8501,True,0.6718027591705322,4.8125,0.0,0.00011768599904379987
34,SHA-512,0.0,8501,True,0.7464313507080078,5.71875,0.0,0.00011769855194000178
34,SHA-3-256,0.0,8502,True,0.6974711418151855,4.9375,0.0,0.0001176738815465276
34,SHA-3-512,0.0,8502,True,0.8275701999664307,5.90625,0.0,0.00011768729749509804
34,MD5,0.0,8501,True,0.6732280254364014,4.0,0.0,0.00011767474699929257
35,SHA-256,0.0,8502,True,0.7348113059997559,4.8125,0.0,0.00011767215067918756
35,SHA-512,0.0,8500,True,0.6864528656005859,5.71875,0.0,0.00011771240651979453
35,SHA-3-256,0.0,8501,True,0.6885857582092285,4.9375,0.0,0.00011768773031856459
35,SHA-3-512,0.0010673999786376953,8501,True,0.7512662410736084,5.90625,0.0,0.00011770113463799756
35,MD5,0.0,8504,True,0.7604794502258301,4.0,0.0,0.00011763321962121965
36,SHA-256,0.0,8500,True,0.7979960441589355,4.8125,0.0,0.00011769985066831308
36,SHA-512,0.0,8500,True,0.8653805255889893,5.71875,0.0,0.00011771240651979453
36,SHA-3-256,0.0,8501,True,0.7357454299926758,4.9375,0.0,0.00011768773031856459
36,SHA-3-512,0.0,8501,True,0.9084222316741943,5.90625,0.0,0.00011770114942528596
36,MD5,0.0,8500,True,0.8164019584655762,4.0,0.0,0.00011768859597504864
37,SHA-256,0.0,8504,True,0.8004608154296875,4.8125,0.0,0.0001176444637250635
37,SHA-512,0.0,8502,True,0.7228794097900391,5.71875,0.0,0.00011768470062115317
37,SHA-3-256,0.0,8501,True,0.6884493827819824,4.9375,0.0,0.00011768773031856459
37,SHA-3-512,0.0,8500,True,0.6995630264282227,5.90625,0.0,0.00011771500461663395
37,MD5,0.0,8501,True,0.7668161392211914,4.0,0.0,0.00011767474699929257
38,SHA-256,0.0,8502,True,0.8579511642456055,4.8125,0.0,0.00011767215067918756
38,SHA-512,0.0,8504,True,0.6971659660339355,5.71875,0.0,0.00011765700776168435
38,SHA-3-256,0.0,8501,True,0.7345519065856934,4.9375,0.0,0.00011768773031856459
38,SHA-3-512,0.0,8501,True,0.7262334823608398,5.90625,0.0,0.00011770114942528596
38,MD5,0.0,8502,True,0.7646183967590332,4.0,0.0,0.00011766090128250244
39,SHA-256,0.0,8502,True,0.7594187259674072,4.8125,0.0,0.00011767215067918756
39,SHA-512,0.015623092651367188,8501,True,0.7523279190063477,5.71875,0.0,0.00011769833551449201
39,SHA-3-256,0.0,8504,True,0.7444193363189697,4.9375,0.0,0.00011764619377798554
39,SHA-3-512,0.0,8501,True,0.6909770965576172,5.90625,0.0,0.00011770114942528596
39,MD5,0.0,8503,True,0.8556833267211914,4.0,0.0,0.00011764705882352803
40,SHA-256,0.0,8502,True,1.2427046298980713,4.8125,0.0,0.00011767215067918756
40,SHA-512,0.0,8500,True,0.8447210788726807,5.71875,0.0,0.00011771240651979453
40,SHA-3-256,0.0,8502,True,0.6976971626281738,4.9375,0.0,0.0001176738815465276
40,SHA-3-512,0.0,8501,True,0.7203595638275146,5.90625,0.0,0.00011770114942528596
40,MD5,0.0,8503,True,0.6898617744445801,4.0,0.0,0.00011764705882352803
41,SHA-256,0.0,8502,True,0.7103836536407471,4.8125,0.0,0.00011767215067918756
41,SHA-512,0.0,8502,True,0.7191622257232666,5.71875,0.0,0.00011768470062115317
41,SHA-3-256,0.0,8504,True,0.689030647277832,4.9375,0.0,0.00011764619377798554
41,SHA-3-512,0.0,8502,True,0.6948213577270508,5.90625,0.0,0.00011768729749509804
41,MD5,0.0014600753784179688,8502,True,0.6866791248321533,4.0,0.0,0.00011766088106909433
42,SHA-256,0.0,8503,True,0.7043673992156982,4.8125,0.0,0.00011765830557332548
42,SHA-512,0.0,8503,True,0.6800029277801514,5.71875,0.0,0.00011767085256209757
42,SHA-3-256,0.0,8501,True,0.687427282333374,4.9375,0.0,0.00011768773031856459
42,SHA-3-512,0.0,8503,True,0.6831986904144287,5.90625,0.0,0.0001176734488249189
42,MD5,0.0,8502,True,0.6837153434753418,4.0,0.0,0.00011766090128250244
43,SHA-256,0.0,8503,True,0.664360523223877,4.8125,0.0,0.00011765830557332548
43,SHA-512,0.0,8504,True,0.6926519870758057,5.71875,0.0,0.00011765700776168435
43,SHA-3-256,0.0,8501,True,0.7186324596405029,4.9375,0.0,0.00011768773031856459
43,SHA-3-512,0.015493392944335938,8503,True,0.6986215114593506,5.90625,0.0,0.00011767323428766956
43,MD5,0.0,8501,True,0.6778080463409424,4.0,0.0,0.00011767474699929257
44,SHA-256,0.0,8502,True,0.6869330406188965,4.8125,0.0,0.00011767215067918756
44,SHA-512,0.0,8502,True,0.6848771572113037,5.71875,0.0,0.00011768470062115317
44,SHA-3-256,0.0,8501,True,0.6730518341064453,4.9375,0.0,0.00011768773031856459
44,SHA-3-512,0.0,8502,True,0.6885824203491211,5.90625,0.0,0.00011768729749509804
44,MD5,0.0,8501,True,0.6874380111694336,4.0,0.0,0.00011767474699929257
45,SHA-256,0.0,8505,True,0.6858432292938232,4.8125,0.0,0.00011763062513325206
45,SHA-512,0.0,8500,True,0.714658260345459,5.71875,0.0,0.00011771240651979453
45,SHA-3-256,0.0,8502,True,0.6875944137573242,4.9375,0.0,0.0001176738815465276
45,SHA-3-512,0.0,8504,True,0.7213780879974365,5.90625,0.0,0.00011765960341359786
45,MD5,0.0,8500,True,0.6874392032623291,4.0,0.0,0.00011768859597504864
46,SHA-256,0.0,8501,True,0.7661919593811035,4.8125,0.0,0.00011768599904379987
46,SHA-512,0.0,8504,True,0.6899058818817139,5.71875,0.0,0.00011765700776168435
46,SHA-3-256,0.0009906291961669922,8504,True,0.7320699691772461,4.9375,0.0,0.00011764618006705803
46,SHA-3-512,0.0,8505,True,0.6922056674957275,5.90625,0.0,0.00011764576125998471
46,MD5,0.0,8502,True,0.8269481658935547,4.0,0.0,0.00011766090128250244
47,SHA-256,0.0,8502,True,0.7352497577667236,4.8125,0.0,0.00011767215067918756
47,SHA-512,0.0,8502,True,0.8597273826599121,5.71875,0.0,0.00011768470062115317
47,SHA-3-256,0.0,8503,True,0.9143922328948975,4.9375,0.0,0.00011766003603338465
47,SHA-3-512,0.015630722045898438,8501,True,1.0000500679016113,5.90625,0.0,0.00011770093288452964
47,MD5,0.0,8502,True,0.7186741828918457,4.0,0.0,0.00011766090128250244
48,SHA-256,0.0,8502,True,0.7821691036224365,4.8125,0.0,0.00011767215067918756
48,SHA-512,0.0,8501,True,0.7541015148162842,5.71875,0.0,0.00011769855194000178
48,SHA-3-256,0.0,8502,True,0.7731704711914062,4.9375,0.0,0.0001176738815465276
48,SHA-3-512,0.0,8500,True,0.819025993347168,5.90625,0.0,0.00011771500461663395
48,MD5,0.0,8503,True,0.8076367378234863,4.0,0.0,0.00011764705882352803
49,SHA-256,0.0,8502,True,0.818854808807373,4.8125,0.0,0.00011767215067918756
49,SHA-512,0.0,8503,True,0.8085834980010986,5.71875,0.0,0.00011767085256209757
49,SHA-3-256,0.0,8501,True,0.8135578632354736,4.9375,0.0,0.00011768773031856459
49,SHA-3-512,0.0,8501,True,0.741830587387085,5.90625,0.0,0.00011770114942528596
49,MD5,0.0,8502,True,0.7729556560516357,4.0,0.0,0.00011766090128250244
50,SHA-256,0.0,8504,True,0.7444450855255127,4.8125,0.0,0.0001176444637250635
50,SHA-512,0.0,8503,True,0.7527127265930176,5.71875,0.0,0.00011767085256209757
50,SHA-3-256,0.0,8500,True,0.8726258277893066,4.9375,0.0,0.00011770158235064635
50,SHA-3-512,0.0,8501,True,0.6874182224273682,5.90625,0.0,0.00011770114942528596
50,MD5,0.0,8502,True,0.6830356121063232,4.0,0.0,0.00011766090128250244
51,SHA-256,0.0,8502,True,0.6821243762969971,4.8125,0.0,0.00011767215067918756
51,SHA-512,0.0,8500,True,0.6884472370147705,5.71875,0.0,0.00011771240651979453
51,SHA-3-256,0.0,8503,True,0.693009614944458,4.9375,0.0,0.00011766003603338465
51,SHA-3-512,0.0,8501,True,0.6794369220733643,5.90625,0.0,0.00011770114942528596
51,MD5,0.0,8501,True,0.7054040431976318,4.0,0.0,0.00011767474699929257
52,SHA-256,0.0,8504,True,0.7298531532287598,4.8125,0.0,0.0001176444637250635
52,SHA-512,0.0,8504,True,0.7510664463043213,5.71875,0.0,0.00011765700776168435
52,SHA-3-256,0.0,8501,True,0.7544698715209961,4.9375,0.0,0.00011768773031856459
52,SHA-3-512,0.0,8502,True,0.688237190246582,5.90625,0.0,0.00011768729749509804
52,MD5,0.0,8504,True,0.8101489543914795,4.0,0.0,0.00011763321962121965
53,SHA-256,0.0,8501,True,0.6718230247497559,4.8125,0.0,0.00011768599904379987
53,SHA-512,0.0,8501,True,0.7775769233703613,5.71875,0.0,0.00011769855194000178
53,SHA-3-256,0.0,8501,True,0.6845643520355225,4.9375,0.0,0.00011768773031856459
53,SHA-3-512,0.0,8502,True,0.7302677631378174,5.90625,0.0,0.00011768729749509804
53,MD5,0.0,8502,True,0.9539480209350586,4.0,0.0,0.00011766090128250244
54,SHA-256,0.0,8500,True,0.9869132041931152,4.8125,0.0,0.00011769985066831308
54,SHA-512,0.0,8501,True,1.014171838760376,5.71875,0.0,0.00011769855194000178
54,SHA-3-256,0.0,8501,True,1.0631756782531738,4.9375,0.0,0.00011768773031856459
54,SHA-3-512,0.0,8503,True,0.7748925685882568,5.90625,0.0,0.0001176734488249189
54,MD5,0.0,8500,True,0.6922852993011475,4.0,0.0,0.00011768859597504864
55,SHA-256,0.0,8501,True,0.7543096542358398,4.8125,0.0,0.00011768599904379987
55,SHA-512,0.0,8501,True,0.6887552738189697,5.71875,0.0,0.00011769855194000178
55,SHA-3-256,0.0,8503,True,0.7898740768432617,4.9375,0.0,0.00011766003603338465
55,SHA-3-512,0.0,8504,True,0.6874275207519531,5.90625,0.0,0.00011765960341359786
55,MD5,0.0,8502,True,0.7758512496948242,4.0,0.0,0.00011766090128250244
56,SHA-256,0.0,8503,True,0.7173466682434082,4.8125,0.0,0.00011765830557332548
56,SHA-512,0.0,8500,True,0.7042582035064697,5.71875,0.0,0.00011771240651979453
56,SHA-3-256,0.0,8502,True,0.6834540367126465,4.9375,0.0,0.0001176738815465276
56,SHA-3-512,0.0,8500,True,0.7032246589660645,5.90625,0.0,0.00011771500461663395
56,MD5,0.0,8502,True,0.6874113082885742,4.0,0.0,0.00011766090128250244
57,SHA-256,0.0,8501,True,0.6829304695129395,4.8125,0.0,0.00011768599904379987
57,SHA-512,0.0,8504,True,0.6874284744262695,5.71875,0.0,0.00011765700776168435
57,SHA-3-256,0.0,8502,True,0.6894822120666504,4.9375,0.0,0.0001176738815465276
57,SHA-3-512,0.0,8503,True,0.6809897422790527,5.90625,0.0,0.0001176734488249189
57,MD5,0.0,8502,True,0.7110085487365723,4.0,0.0,0.00011766090128250244
58,SHA-256,0.0,8503,True,0.6738631725311279,4.8125,0.0,0.00011765830557332548
58,SHA-512,0.0,8504,True,0.6724586486816406,5.71875,0.0,0.00011765700776168435
58,SHA-3-256,0.0,8502,True,0.7042007446289062,4.9375,0.0,0.0001176738815465276
58,SHA-3-512,0.0,8504,True,0.6882481575012207,5.90625,0.0,0.00011765960341359786
58,MD5,0.0,8500,True,0.6718084812164307,4.0,0.0,0.00011768859597504864
59,SHA-256,0.0,8501,True,0.6741106510162354,4.8125,0.0,0.00011768599904379987
59,SHA-512,0.0,8501,True,0.7210979461669922,5.71875,0.0,0.00011769855194000178
59,SHA-3-256,0.0,8501,True,0.69449782371521,4.9375,0.0,0.00011768773031856459
59,SHA-3-512,0.0,8500,True,0.6802871227264404,5.90625,0.0,0.00011771500461663395
59,MD5,0.0,8501,True,0.6773135662078857,4.0,0.0,0.00011767474699929257
60,SHA-256,0.0,8503,True,0.8290700912475586,4.8125,0.0,0.00011765830557332548
60,SHA-512,0.0,8505,True,0.8347189426422119,5.71875,0.0,0.00011764316621876344
60,SHA-3-256,0.0,8500,True,0.8124125003814697,4.9375,0.0,0.00011770158235064635
60,SHA-3-512,0.0,8501,True,0.9835593700408936,5.90625,0.0,0.00011770114942528596
60,MD5,0.0,8501,True,0.8125119209289551,4.0,0.0,0.00011767474699929257
61,SHA-256,0.0,8502,True,0.7670269012451172,4.8125,0.0,0.00011767215067918756
61,SHA-512,0.0,8500,True,0.8291172981262207,5.71875,0.0,0.00011771240651979453
61,SHA-3-256,0.0,8502,True,0.885793924331665,4.9375,0.0,0.0001176738815465276
61,SHA-3-512,0.0,8500,True,0.8279252052307129,5.90625,0.0,0.00011771500461663395
61,MD5,0.0,8501,True,0.7780025005340576,4.0,0.0,0.00011767474699929257
62,SHA-256,0.0010020732879638672,8502,True,0.616147518157959,4.8125,0.0,0.00011767213680374588
62,SHA-512,0.0,8504,True,0.779895544052124,5.71875,0.0,0.00011765700776168435
62,SHA-3-256,0.0,8502,True,0.9075539112091064,4.9375,0.0,0.0001176738815465276
62,SHA-3-512,0.0,8504,True,0.8339359760284424,5.90625,0.0,0.00011765960341359786
62,MD5,0.0,8502,True,0.7426302433013916,4.0,0.0,0.00011766090128250244
63,SHA-256,0.0,8503,True,0.7035157680511475,4.8125,0.0,0.00011765830557332548
63,SHA-512,0.0,8501,True,0.8010392189025879,5.71875,0.0,0.00011769855194000178
63,SHA-3-256,0.0,8500,True,0.7119038105010986,4.9375,0.0,0.00011770158235064635
63,SHA-3-512,0.0,8503,True,0.756732702255249,5.90625,0.0,0.0001176734488249189
63,MD5,0.0,8502,True,0.6886258125305176,4.0,0.0,0.00011766090128250244
64,SHA-256,0.0,8503,True,0.798121452331543,4.8125,0.0,0.00011765830557332548
64,SHA-512,0.0,8504,True,0.6896975040435791,5.71875,0.0,0.00011765700776168435
64,SHA-3-256,0.0,8502,True,0.7325882911682129,4.9375,0.0,0.0001176738815465276
64,SHA-3-512,0.0,8501,True,0.6886990070343018,5.90625,0.0,0.00011770114942528596
64,MD5,0.0,8503,True,0.7519693374633789,4.0,0.0,0.00011764705882352803
65,SHA-256,0.0,8502,True,0.6925990581512451,4.8125,0.0,0.00011767215067918756
65,SHA-512,0.0009968280792236328,8502,True,0.74143385887146,5.71875,0.0,0.00011768468681539615
65,SHA-3-256,0.0,8503,True,0.7188241481781006,4.9375,0.0,0.00011766003603338465
65,SHA-3-512,0.0,8503,True,0.707122802734375,5.90625,0.0,0.0001176734488249189
65,MD5,0.0,8504,True,0.7440476417541504,4.0,0.0,0.00011763321962121965
66,SHA-256,0.0,8501,True,0.6729586124420166,4.8125,0.0,0.00011768599904379987
66,SHA-512,0.0,8501,True,0.7223539352416992,5.71875,0.0,0.00011769855194000178
66,SHA-3-256,0.0,8501,True,0.7182915210723877,4.9375,0.0,0.00011768773031856459
66,SHA-3-512,0.0,8503,True,0.6670489311218262,5.90625,0.0,0.0001176734488249189
66,MD5,0.0,8503,True,0.7086954116821289,4.0,0.0,0.00011764705882352803
67,SHA-256,0.0,8501,True,0.7235467433929443,4.8125,0.0,0.00011768599904379987
67,SHA-512,0.0,8502,True,0.6897180080413818,5.71875,0.0,0.00011768470062115317
67,SHA-3-256,0.0,8502,True,0.7548365592956543,4.9375,0.0,0.0001176738815465276
67,SHA-3-512,0.0,8502,True,0.7632932662963867,5.90625,0.0,0.00011768729749509804
67,MD5,0.0,8503,True,0.6889674663543701,4.0,0.0,0.00011764705882352803
68,SHA-256,0.0,8504,True,0.7599570751190186,4.8125,0.0,0.0001176444637250635
68,SHA-512,0.0,8501,True,0.7163553237915039,5.71875,0.0,0.00011769855194000178
68,SHA-3-256,0.0,8503,True,0.7141714096069336,4.9375,0.0,0.00011766003603338465
68,SHA-3-512,0.0,8504,True,0.857224702835083,5.90625,0.0,0.00011765960341359786
68,MD5,0.0,8501,True,0.7365286350250244,4.0,0.0,0.00011767474699929257
69,SHA-256,0.0,8502,True,0.7768630981445312,4.8125,0.0,0.00011767215067918756
69,SHA-512,0.0,8502,True,0.8255486488342285,5.71875,0.0,0.00011768470062115317
69,SHA-3-256,0.0,8503,True,0.6979498863220215,4.9375,0.0,0.00011766003603338465
69,SHA-3-512,0.0,8500,True,0.6870622634887695,5.90625,0.0,0.00011771500461663395
69,MD5,0.0,8501,True,0.6878454685211182,4.0,0.0,0.00011767474699929257
70,SHA-256,0.0,8503,True,0.7015981674194336,4.8125,0.0,0.00011765830557332548
70,SHA-512,0.0,8500,True,0.8925151824951172,5.71875,0.0,0.00011771240651979453
70,SHA-3-256,0.0,8500,True,0.7998721599578857,4.9375,0.0,0.00011770158235064635
70,SHA-3-512,0.0,8500,True,0.7102217674255371,5.90625,0.0,0.00011771500461663395
70,MD5,0.0,8500,True,0.829430103302002,4.0,0.0,0.00011768859597504864
71,SHA-256,0.0,8501,True,0.7886693477630615,4.8125,0.0,0.00011768599904379987
71,SHA-512,0.0,8502,True,0.7211098670959473,5.71875,0.0,0.00011768470062115317
71,SHA-3-256,0.0,8502,True,0.7890505790710449,4.9375,0.0,0.0001176738815465276
71,SHA-3-512,0.0,8505,True,0.7186675071716309,5.90625,0.0,0.00011764576125998471
71,MD5,0.0,8503,True,0.7555084228515625,4.0,0.0,0.00011764705882352803
72,SHA-256,0.0,8501,True,0.8040106296539307,4.8125,0.0,0.00011768599904379987
72,SHA-512,0.0,8502,True,0.7273619174957275,5.71875,0.0,0.00011768470062115317
72,SHA-3-256,0.0,8501,True,0.6881668567657471,4.9375,0.0,0.00011768773031856459
72,SHA-3-512,0.0,8500,True,0.6874289512634277,5.90625,0.0,0.00011771500461663395
72,MD5,0.0,8500,True,0.7305433750152588,4.0,0.0,0.00011768859597504864
73,SHA-256,0.0,8502,True,1.399123191833496,4.8125,0.0,0.00011767215067918756
73,SHA-512,0.0016050338745117188,8503,True,0.8606777191162109,5.71875,0.0,0.0001176708303381133
73,SHA-3-256,0.0,8501,True,0.8981838226318359,4.9375,0.0,0.00011768773031856459
73,SHA-3-512,0.0,8501,True,0.7343049049377441,5.90625,0.0,0.00011770114942528596
73,MD5,0.0,8502,True,0.7031338214874268,4.0,0.0,0.00011766090128250244
74,SHA-256,0.0,8500,True,0.7524998188018799,4.8125,0.0,0.00011769985066831308
74,SHA-512,0.0,8502,True,0.718644380569458,5.71875,0.0,0.00011768470062115317
74,SHA-3-256,0.0,8501,True,0.7186710834503174,4.9375,0.0,0.00011768773031856459
74,SHA-3-512,0.0,8502,True,0.6874659061431885,5.90625,0.0,0.00011768729749509804
74,MD5,0.0,8501,True,0.7195940017700195,4.0,0.0,0.00011767474699929257
75,SHA-256,0.0,8503,True,0.7050042152404785,4.8125,0.0,0.00011765830557332548
75,SHA-512,0.0,8501,True,0.7186834812164307,5.71875,0.0,0.00011769855194000178
75,SHA-3-256,0.0,8501,True,0.7343747615814209,4.9375,0.0,0.00011768773031856459
75,SHA-3-512,0.0,8501,True,0.7031168937683105,5.90625,0.0,0.00011770114942528596
75,MD5,0.0,8502,True,0.7499182224273682,4.0,0.0,0.00011766090128250244
76,SHA-256,0.0,8500,True,0.7186858654022217,4.8125,0.0,0.00011769985066831308
76,SHA-512,0.0,8500,True,0.7186594009399414,5.71875,0.0,0.00011771240651979453
76,SHA-3-256,0.0,8500,True,0.7099509239196777,4.9375,0.0,0.00011770158235064635
76,SHA-3-512,0.0,8502,True,0.7592902183532715,5.90625,0.0,0.00011768729749509804
76,MD5,0.0,8501,True,0.6909811496734619,4.0,0.0,0.00011767474699929257
77,SHA-256,0.0,8503,True,0.7296340465545654,4.8125,0.0,0.00011765830557332548
77,SHA-512,0.0,8501,True,0.7317020893096924,5.71875,0.0,0.00011769855194000178
77,SHA-3-256,0.0,8501,True,0.7331359386444092,4.9375,0.0,0.00011768773031856459
77,SHA-3-512,0.0,8502,True,0.7178516387939453,5.90625,0.0,0.00011768729749509804
77,MD5,0.0,8501,True,0.7406625747680664,4.0,0.0,0.00011767474699929257
78,SHA-256,0.0,8502,True,0.8120086193084717,4.8125,0.0,0.00011767215067918756
78,SHA-512,0.0,8501,True,0.7414319515228271,5.71875,0.0,0.00011769855194000178
78,SHA-3-256,0.0,8502,True,0.7702162265777588,4.9375,0.0,0.0001176738815465276
78,SHA-3-512,0.0,8502,True,0.843329668045044,5.90625,0.0,0.00011768729749509804
78,MD5,0.0,8501,True,0.7147877216339111,4.0,0.0,0.00011767474699929257
79,SHA-256,0.0,8500,True,0.7985200881958008,4.8125,0.0,0.00011769985066831308
79,SHA-512,0.0,8500,True,0.8360414505004883,5.71875,0.0,0.00011771240651979453
79,SHA-3-256,0.0,8502,True,0.8308730125427246,4.9375,0.0,0.0001176738815465276
79,SHA-3-512,0.0,8502,True,0.8135330677032471,5.90625,0.0,0.00011768729749509804
79,MD5,0.0,8500,True,0.7548682689666748,4.0,0.0,0.00011768859597504864
80,SHA-256,0.0,8501,True,0.7680315971374512,4.8125,0.0,0.00011768599904379987
80,SHA-512,0.0,8502,True,0.7308743000030518,5.71875,0.0,0.00011768470062115317
80,SHA-3-256,0.0,8500,True,0.7550044059753418,4.9375,0.0,0.00011770158235064635
80,SHA-3-512,0.0,8503,True,0.768610954284668,5.90625,0.0,0.0001176734488249189
80,MD5,0.0,8501,True,0.8360998630523682,4.0,0.0,0.00011767474699929257
81,SHA-256,0.0,8501,True,0.739783525466919,4.8125,0.0,0.00011768599904379987
81,SHA-512,0.0,8500,True,0.688018798828125,5.71875,0.0,0.00011771240651979453
81,SHA-3-256,0.0,8502,True,0.6873607635498047,4.9375,0.0,0.0001176738815465276
81,SHA-3-512,0.0,8501,True,0.7309961318969727,5.90625,0.0,0.00011770114942528596
81,MD5,0.0,8501,True,0.8272922039031982,4.0,0.0,0.00011767474699929257
82,SHA-256,0.0,8500,True,1.0133910179138184,4.8125,0.0,0.00011769985066831308
82,SHA-512,0.0,8500,True,0.7030370235443115,5.71875,0.0,0.00011771240651979453
82,SHA-3-256,0.0,8506,True,0.7811579704284668,4.9375,0.0,0.0001176185190358208
82,SHA-3-512,0.0,8501,True,0.7030513286590576,5.90625,0.0,0.00011770114942528596
82,MD5,0.0,8500,True,0.7654783725738525,4.0,0.0,0.00011768859597504864
83,SHA-256,0.0,8502,True,0.7029802799224854,4.8125,0.0,0.00011767215067918756
83,SHA-512,0.0,8502,True,0.7030496597290039,5.71875,0.0,0.00011768470062115317
83,SHA-3-256,0.0,8502,True,0.715087890625,4.9375,0.0,0.0001176738815465276
83,SHA-3-512,0.0,8501,True,0.9463770389556885,5.90625,0.0,0.00011770114942528596
83,MD5,0.0,8503,True,0.7967932224273682,4.0,0.0,0.00011764705882352803
84,SHA-256,0.0,8503,True,0.8607714176177979,4.8125,0.0,0.00011765830557332548
84,SHA-512,0.0,8506,True,1.0416083335876465,5.71875,0.0,0.00011762932793218531
84,SHA-3-256,0.0,8502,True,0.7198441028594971,4.9375,0.0,0.0001176738815465276
84,SHA-3-512,0.0,8503,True,0.7122724056243896,5.90625,0.0,0.0001176734488249189
84,MD5,0.0,8501,True,0.6813645362854004,4.0,0.0,0.00011767474699929257
85,SHA-256,0.0,8503,True,0.7033638954162598,4.8125,0.0,0.00011765830557332548
85,SHA-512,0.0,8502,True,0.6887719631195068,5.71875,0.0,0.00011768470062115317
85,SHA-3-256,0.0,8502,True,0.689232349395752,4.9375,0.0,0.0001176738815465276
85,SHA-3-512,0.0,8501,True,0.6896436214447021,5.90625,0.0,0.00011770114942528596
85,MD5,0.0,8501,True,0.687565803527832,4.0,0.0,0.00011767474699929257
86,SHA-256,0.0,8500,True,0.7030529975891113,4.8125,0.0,0.00011769985066831308
86,SHA-512,0.0,8501,True,0.6980056762695312,5.71875,0.0,0.00011769855194000178
86,SHA-3-256,0.0,8500,True,0.6867170333862305,4.9375,0.0,0.00011770158235064635
86,SHA-3-512,0.0,8502,True,0.6910710334777832,5.90625,0.0,0.00011768729749509804
86,MD5,0.0,8501,True,0.672980546951294,4.0,0.0,0.00011767474699929257
87,SHA-256,0.0,8504,True,0.687828540802002,4.8125,0.0,0.0001176444637250635
87,SHA-512,0.0,8502,True,0.6933839321136475,5.71875,0.0,0.00011768470062115317
87,SHA-3-256,0.0,8500,True,0.7182309627532959,4.9375,0.0,0.00011770158235064635
87,SHA-3-512,0.0,8501,True,1.672842025756836,5.90625,0.0,0.00011770114942528596
87,MD5,0.0,8502,True,0.6830120086669922,4.0,0.0,0.00011766090128250244
88,SHA-256,0.0,8503,True,0.7196440696716309,4.8125,0.0,0.00011765830557332548
88,SHA-512,0.0,8500,True,0.821563720703125,5.71875,0.0,0.00011771240651979453
88,SHA-3-256,0.0,8502,True,0.7344822883605957,4.9375,0.0,0.0001176738815465276
88,SHA-3-512,0.0,8503,True,0.6934785842895508,5.90625,0.0,0.0001176734488249189
88,MD5,0.0,8501,True,0.7186729907989502,4.0,0.0,0.00011767474699929257
89,SHA-256,0.0,8502,True,0.746751070022583,4.8125,0.0,0.00011767215067918756
89,SHA-512,0.0,8500,True,1.6259820461273193,5.71875,0.0,0.00011771240651979453
89,SHA-3-256,0.0,8501,True,0.754539966583252,4.9375,0.0,0.00011768773031856459
89,SHA-3-512,0.0,8500,True,0.6817748546600342,5.90625,0.0,0.00011771500461663395
89,MD5,0.0,8501,True,0.718106746673584,4.0,0.0,0.00011767474699929257
90,SHA-256,0.0,8503,True,0.7197556495666504,4.8125,0.0,0.00011765830557332548
90,SHA-512,0.0,8502,True,0.7629828453063965,5.71875,0.0,0.00011768470062115317
90,SHA-3-256,0.0,8504,True,0.7912349700927734,4.9375,0.0,0.00011764619377798554
90,SHA-3-512,0.0,8504,True,0.8302836418151855,5.90625,0.0,0.00011765960341359786
90,MD5,0.0,8502,True,0.7510807514190674,4.0,0.0,0.00011766090128250244
91,SHA-256,0.0,8501,True,0.7511124610900879,4.8125,0.0,0.00011768599904379987
91,SHA-512,0.0,8502,True,0.7792327404022217,5.71875,0.0,0.00011768470062115317
91,SHA-3-256,0.0,8502,True,0.6893534660339355,4.9375,0.0,0.0001176738815465276
91,SHA-3-512,0.0,8503,True,0.8361420631408691,5.90625,0.0,0.0001176734488249189
91,MD5,0.0,8503,True,0.7044217586517334,4.0,0.0,0.00011764705882352803
92,SHA-256,0.0,8504,True,0.7539472579956055,4.8125,0.0,0.0001176444637250635
92,SHA-512,0.0,8505,True,0.7423624992370605,5.71875,0.0,0.00011764316621876344
92,SHA-3-256,0.0,8502,True,0.7710826396942139,4.9375,0.0,0.0001176738815465276
92,SHA-3-512,0.0,8502,True,0.8183412551879883,5.90625,0.0,0.00011768729749509804
92,MD5,0.0,8502,True,0.7376527786254883,4.0,0.0,0.00011766090128250244
93,SHA-256,0.0,8502,True,0.7136898040771484,4.8125,0.0,0.00011767215067918756
93,SHA-512,0.0,8500,True,0.8359320163726807,5.71875,0.0,0.00011771240651979453
93,SHA-3-256,0.0,8500,True,0.8188652992248535,4.9375,0.0,0.00011770158235064635
93,SHA-3-512,0.0,8501,True,0.8379116058349609,5.90625,0.0,0.00011770114942528596
93,MD5,0.0,8501,True,0.7418820858001709,4.0,0.0,0.00011767474699929257
94,SHA-256,0.0,8502,True,0.8597064018249512,4.8125,0.0,0.00011767215067918756
94,SHA-512,0.0,8501,True,0.7959418296813965,5.71875,0.0,0.00011769855194000178
94,SHA-3-256,0.0,8500,True,0.8213486671447754,4.9375,0.0,0.00011770158235064635
94,SHA-3-512,0.0,8504,True,0.8177182674407959,5.90625,0.0,0.00011765960341359786
94,MD5,0.0,8504,True,0.7188682556152344,4.0,0.0,0.00011763321962121965
95,SHA-256,0.0,8504,True,0.7186658382415771,4.8125,0.0,0.0001176444637250635
95,SHA-512,0.0,8500,True,0.6962137222290039,5.71875,0.0,0.00011771240651979453
95,SHA-3-256,0.0,8502,True,0.7217564582824707,4.9375,0.0,0.0001176738815465276
95,SHA-3-512,0.0,8502,True,0.6874425411224365,5.90625,0.0,0.00011768729749509804
95,MD5,0.0,8501,True,0.8082890510559082,4.0,0.0,0.00011767474699929257
96,SHA-256,0.0,8501,True,0.8045089244842529,4.8125,0.0,0.00011768599904379987
96,SHA-512,0.0,8504,True,0.7033140659332275,5.71875,0.0,0.00011765700776168435
96,SHA-3-256,0.0,8502,True,0.6879937648773193,4.9375,0.0,0.0001176738815465276
96,SHA-3-512,0.0,8502,True,0.7399818897247314,5.90625,0.0,0.00011768729749509804
96,MD5,0.0,8504,True,0.7465066909790039,4.0,0.0,0.00011763321962121965
97,SHA-256,0.0,8502,True,0.8449537754058838,4.8125,0.0,0.00011767215067918756
97,SHA-512,0.0,8503,True,0.8274109363555908,5.71875,0.0,0.00011767085256209757
97,SHA-3-256,0.0,8501,True,0.8003311157226562,4.9375,0.0,0.00011768773031856459
97,SHA-3-512,0.0,8502,True,0.7937221527099609,5.90625,0.0,0.00011768729749509804
97,MD5,0.0,8503,True,0.7736461162567139,4.0,0.0,0.00011764705882352803
98,SHA-256,0.0,8500,True,0.7081401348114014,4.8125,0.0,0.00011769985066831308
98,SHA-512,0.0,8500,True,0.821110725402832,5.71875,0.0,0.00011771240651979453
98,SHA-3-256,0.0,8501,True,0.794395923614502,4.9375,0.0,0.00011768773031856459
98,SHA-3-512,0.0,8500,True,0.8035910129547119,5.90625,0.0,0.00011771500461663395
98,MD5,0.0,8501,True,0.8279714584350586,4.0,0.0,0.00011767474699929257
99,SHA-256,0.0,8500,True,0.7287776470184326,4.8125,0.0,0.00011769985066831308
99,SHA-512,0.0,8502,True,0.765474796295166,5.71875,0.0,0.00011768470062115317
99,SHA-3-256,0.0,8501,True,0.7185983657836914,4.9375,0.0,0.00011768773031856459
99,SHA-3-512,0.0,8502,True,0.7655351161956787,5.90625,0.0,0.00011768729749509804
99,MD5,0.015622377395629883,8503,True,0.7655313014984131,4.0,0.0,0.00011764684259724868
100,SHA-256,0.0,8504,True,0.7566306591033936,4.8125,0.0,0.0001176444637250635
100,SHA-512,0.0,8503,True,0.7515606880187988,5.71875,0.0,0.00011767085256209757
100,SHA-3-256,0.0,8503,True,0.9877972602844238,4.9375,0.0,0.00011766003603338465
100,SHA-3-512,0.0,8502,True,0.7284226417541504,5.90625,0.0,0.00011768729749509804
100,MD5,0.0,8503,True,0.74275803565979,4.0,0.0,0.00011764705882352803
